{"cameraMode":{"drawMode":0,"name":"Shaded","section":"Shading Mode"},"sceneLighting":true,"audioPlay":false,"sceneViewState":{"showFog":true,"showMaterialUpdate":false,"showSkybox":true,"showFlares":true,"showImageEffects":true,"showParticleSystems":true},"in2DMode":false,"pivot":{"x":0.05741405487060547,"y":-1.3166851997375489,"z":0.8541887998580933},"rotation":{"x":-0.11951535195112229,"y":0.6492495536804199,"z":-0.10431572794914246,"w":-0.7438477277755737},"size":10.0,"orthographic":false}